label,stroke,point,x,y,pen
!,0,0,0.13000,1.00000,0
!,0,1,0.13000,0.30000,1
!,1,0,0.10000,0.00000,0
!,1,1,0.16000,0.00000,1
+,0,0,0.04000,0.46000,0
+,0,1,0.42000,0.46000,1
+,1,0,0.23000,0.27000,0
+,1,1,0.23000,0.65000,1
,,0,0,0.15000,0.06000,0
,,0,1,0.06000,-0.12000,1
-,0,0,0.04000,0.46000,0
-,0,1,0.36000,0.46000,1
.,0,0,0.09000,0.00000,0
.,0,1,0.15000,0.00000,1
/,0,0,0.00000,0.00000,0
/,0,1,0.42000,1.00000,1
0,0,0,0.56000,0.50000,0
0,0,1,0.55932,0.53488,1
0,0,2,0.55728,0.56959,1
0,0,3,0.55388,0.60396,1
0,0,4,0.54915,0.63782,1
0,0,5,0.54311,0.67101,1
0,0,6,0.53579,0.70337,1
0,0,7,0.52723,0.73474,1
0,0,8,0.51745,0.76496,1
0,0,9,0.50652,0.79389,1
0,0,10,0.49449,0.82139,1
0,0,11,0.48142,0.84733,1
0,0,12,0.46736,0.87157,1
0,0,13,0.45239,0.89401,1
0,0,14,0.43657,0.91452,1
0,0,15,0.42000,0.93301,1
0,0,16,0.40274,0.94940,1
0,0,17,0.38489,0.96359,1
0,0,18,0.36652,0.97553,1
0,0,19,0.34774,0.98515,1
0,0,20,0.32862,0.99240,1
0,0,21,0.30927,0.99726,1
0,0,22,0.28977,0.99970,1
0,0,23,0.27023,0.99970,1
0,0,24,0.25073,0.99726,1
0,0,25,0.23138,0.99240,1
0,0,26,0.21226,0.98515,1
0,0,27,0.19348,0.97553,1
0,0,28,0.17511,0.96359,1
0,0,29,0.15726,0.94940,1
0,0,30,0.14000,0.93301,1
0,0,31,0.12343,0.91452,1
0,0,32,0.10761,0.89401,1
0,0,33,0.09264,0.87157,1
0,0,34,0.07858,0.84733,1
0,0,35,0.06551,0.82139,1
0,0,36,0.05348,0.79389,1
0,0,37,0.04255,0.76496,1
0,0,38,0.03277,0.73474,1
0,0,39,0.02421,0.70337,1
0,0,40,0.01689,0.67101,1
0,0,41,0.01085,0.63782,1
0,0,42,0.00612,0.60396,1
0,0,43,0.00272,0.56959,1
0,0,44,0.00068,0.53488,1
0,0,45,0.00000,0.50000,1
0,0,46,0.00068,0.46512,1
0,0,47,0.00272,0.43041,1
0,0,48,0.00612,0.39604,1
0,0,49,0.01085,0.36218,1
0,0,50,0.01689,0.32899,1
0,0,51,0.02421,0.29663,1
0,0,52,0.03277,0.26526,1
0,0,53,0.04255,0.23504,1
0,0,54,0.05348,0.20611,1
0,0,55,0.06551,0.17861,1
0,0,56,0.07858,0.15267,1
0,0,57,0.09264,0.12843,1
0,0,58,0.10761,0.10599,1
0,0,59,0.12343,0.08548,1
0,0,60,0.14000,0.06699,1
0,0,61,0.15726,0.05060,1
0,0,62,0.17511,0.03641,1
0,0,63,0.19348,0.02447,1
0,0,64,0.21226,0.01485,1
0,0,65,0.23138,0.00760,1
0,0,66,0.25073,0.00274,1
0,0,67,0.27023,0.00030,1
0,0,68,0.28977,0.00030,1
0,0,69,0.30927,0.00274,1
0,0,70,0.32862,0.00760,1
0,0,71,0.34774,0.01485,1
0,0,72,0.36652,0.02447,1
0,0,73,0.38489,0.03641,1
0,0,74,0.40274,0.05060,1
0,0,75,0.42000,0.06699,1
0,0,76,0.43657,0.08548,1
0,0,77,0.45239,0.10599,1
0,0,78,0.46736,0.12843,1
0,0,79,0.48142,0.15267,1
0,0,80,0.49449,0.17861,1
0,0,81,0.50652,0.20611,1
0,0,82,0.51745,0.23504,1
0,0,83,0.52723,0.26526,1
0,0,84,0.53579,0.29663,1
0,0,85,0.54311,0.32899,1
0,0,86,0.54915,0.36218,1
0,0,87,0.55388,0.39604,1
0,0,88,0.55728,0.43041,1
0,0,89,0.55932,0.46512,1
0,0,90,0.56000,0.50000,1
1,0,0,0.06000,0.80000,0
1,0,1,0.26000,1.00000,1
1,0,2,0.26000,0.00000,1
1,1,0,0.04000,0.00000,0
1,1,1,0.46000,0.00000,1
2,0,0,0.03000,0.78000,0
2,0,1,0.03132,0.80468,1
2,0,2,0.03518,0.82781,1
2,0,3,0.04140,0.84937,1
2,0,4,0.04982,0.86935,1
2,0,5,0.06027,0.88775,1
2,0,6,0.07258,0.90454,1
2,0,7,0.08660,0.91972,1
2,0,8,0.10214,0.93327,1
2,0,9,0.11905,0.94519,1
2,0,10,0.13716,0.95546,1
2,0,11,0.15630,0.96407,1
2,0,12,0.17630,0.97101,1
2,0,13,0.19699,0.97627,1
2,0,14,0.21822,0.97983,1
2,0,15,0.23980,0.98169,1
2,0,16,0.26159,0.98183,1
2,0,17,0.28340,0.98024,1
2,0,18,0.30507,0.97690,1
2,0,19,0.32644,0.97182,1
2,0,20,0.34733,0.96497,1
2,0,21,0.36759,0.95634,1
2,0,22,0.38704,0.94593,1
2,0,23,0.40551,0.93371,1
2,0,24,0.42285,0.91968,1
2,0,25,0.43888,0.90383,1
2,0,26,0.45343,0.88615,1
2,0,27,0.46634,0.86662,1
2,0,28,0.47745,0.84523,1
2,0,29,0.48657,0.82197,1
2,0,30,0.49356,0.79683,1
2,0,31,0.49824,0.76980,1
2,0,32,0.50044,0.74086,1
2,0,33,0.50000,0.71000,1
2,0,34,0.02000,0.00000,1
2,0,35,0.54000,0.00000,1
3,0,0,0.04000,0.86000,0
3,0,1,0.05782,0.88266,1
3,0,2,0.07751,0.90268,1
3,0,3,0.09885,0.92009,1
3,0,4,0.12160,0.93495,1
3,0,5,0.14552,0.94728,1
3,0,6,0.17038,0.95714,1
3,0,7,0.19595,0.96456,1
3,0,8,0.22200,0.96959,1
3,0,9,0.24828,0.97227,1
3,0,10,0.27456,0.97264,1
3,0,11,0.30061,0.97075,1
3,0,12,0.32620,0.96663,1
3,0,13,0.35109,0.96033,1
3,0,14,0.37505,0.95189,1
3,0,15,0.39784,0.94136,1
3,0,16,0.41923,0.92877,1
3,0,17,0.43898,0.91417,1
3,0,18,0.45686,0.89760,1
3,0,19,0.47264,0.87910,1
3,0,20,0.48608,0.85872,1
3,0,21,0.49695,0.83649,1
3,0,22,0.50501,0.81247,1
3,0,23,0.51002,0.78668,1
3,0,24,0.51177,0.75918,1
3,0,25,0.51000,0.73000,1
3,0,26,0.50355,0.69856,1
3,0,27,0.49426,0.66931,1
3,0,28,0.48219,0.64234,1
3,0,29,0.46741,0.61778,1
3,0,30,0.44999,0.59571,1
3,0,31,0.43000,0.57625,1
3,0,32,0.40751,0.55950,1
3,0,33,0.38259,0.54556,1
3,0,34,0.35531,0.53453,1
3,0,35,0.32574,0.52653,1
3,0,36,0.29395,0.52165,1
3,0,37,0.26000,0.52000,1
3,0,38,0.29156,0.51905,1
3,0,39,0.32212,0.51615,1
3,0,40,0.35144,0.51120,1
3,0,41,0.37932,0.50412,1
3,0,42,0.40556,0.49481,1
3,0,43,0.42992,0.48320,1
3,0,44,0.45220,0.46919,1
3,0,45,0.47220,0.45268,1
3,0,46,0.48968,0.43360,1
3,0,47,0.50444,0.41185,1
3,0,48,0.51628,0.38735,1
3,0,49,0.52496,0.36000,1
3,0,50,0.53028,0.32972,1
3,0,51,0.53204,0.29641,1
3,0,52,0.53000,0.26000,1
3,0,53,0.52462,0.22979,1
3,0,54,0.51615,0.20167,1
3,0,55,0.50482,0.17564,1
3,0,56,0.49088,0.15171,1
3,0,57,0.47456,0.12988,1
3,0,58,0.45609,0.11016,1
3,0,59,0.43573,0.09254,1
3,0,60,0.41370,0.07704,1
3,0,61,0.39025,0.06365,1
3,0,62,0.36562,0.05239,1
3,0,63,0.34004,0.04325,1
3,0,64,0.31375,0.03625,1
3,0,65,0.28699,0.03138,1
3,0,66,0.26001,0.02865,1
3,0,67,0.23303,0.02807,1
3,0,68,0.20630,0.02963,1
3,0,69,0.18005,0.03335,1
3,0,70,0.15453,0.03922,1
3,0,71,0.12997,0.04725,1
3,0,72,0.10662,0.05745,1
3,0,73,0.08471,0.06982,1
3,0,74,0.06447,0.08437,1
3,0,75,0.04616,0.10109,1
3,0,76,0.03000,0.12000,1
4,0,0,0.42000,0.00000,0
4,0,1,0.42000,1.00000,1
4,0,2,0.02000,0.30000,1
4,0,3,0.56000,0.30000,1
5,0,0,0.50000,1.00000,0
5,0,1,0.09000,1.00000,1
5,0,2,0.06000,0.60000,1
5,0,3,0.09008,0.61490,1
5,0,4,0.12024,0.62715,1
5,0,5,0.15033,0.63680,1
5,0,6,0.18023,0.64389,1
5,0,7,0.20980,0.64848,1
5,0,8,0.23891,0.65062,1
5,0,9,0.26741,0.65037,1
5,0,10,0.29519,0.64778,1
5,0,11,0.32209,0.64289,1
5,0,12,0.34799,0.63576,1
5,0,13,0.37276,0.62645,1
5,0,14,0.39625,0.61500,1
5,0,15,0.41834,0.60147,1
5,0,16,0.43888,0.58590,1
5,0,17,0.45775,0.56836,1
5,0,18,0.47481,0.54889,1
5,0,19,0.48993,0.52754,1
5,0,20,0.50297,0.50438,1
5,0,21,0.51379,0.47944,1
5,0,22,0.52227,0.45278,1
5,0,23,0.52826,0.42445,1
5,0,24,0.53164,0.39451,1
5,0,25,0.53226,0.36301,1
5,0,26,0.53000,0.33000,1
5,0,27,0.52600,0.29621,1
5,0,28,0.51896,0.26444,1
5,0,29,0.50910,0.23471,1
5,0,30,0.49662,0.20701,1
5,0,31,0.48176,0.18136,1
5,0,32,0.46473,0.15776,1
5,0,33,0.44574,0.13623,1
5,0,34,0.42503,0.11677,1
5,0,35,0.40280,0.09938,1
5,0,36,0.37928,0.08408,1
5,0,37,0.35468,0.07087,1
5,0,38,0.32923,0.05976,1
5,0,39,0.30314,0.05076,1
5,0,40,0.27663,0.04388,1
5,0,41,0.24992,0.03912,1
5,0,42,0.22323,0.03649,1
5,0,43,0.19678,0.03600,1
5,0,44,0.17078,0.03766,1
5,0,45,0.14546,0.04147,1
5,0,46,0.12104,0.04744,1
5,0,47,0.09773,0.05558,1
5,0,48,0.07575,0.06590,1
5,0,49,0.05532,0.07841,1
5,0,50,0.03667,0.09310,1
5,0,51,0.02000,0.11000,1
6,0,0,0.47000,0.93000,0
6,0,1,0.45143,0.94144,1
6,0,2,0.43278,0.95106,1
6,0,3,0.41412,0.95886,1
6,0,4,0.39546,0.96481,1
6,0,5,0.37685,0.96893,1
6,0,6,0.35833,0.97120,1
6,0,7,0.33993,0.97161,1
6,0,8,0.32170,0.97017,1
6,0,9,0.30367,0.96686,1
6,0,10,0.28588,0.96168,1
6,0,11,0.26836,0.95462,1
6,0,12,0.25116,0.94568,1
6,0,13,0.23432,0.93485,1
6,0,14,0.21787,0.92212,1
6,0,15,0.20185,0.90749,1
6,0,16,0.18630,0.89095,1
6,0,17,0.17125,0.87250,1
6,0,18,0.15675,0.85213,1
6,0,19,0.14283,0.82983,1
6,0,20,0.12954,0.80560,1
6,0,21,0.11690,0.77942,1
6,0,22,0.10496,0.75131,1
6,0,23,0.09376,0.72124,1
6,0,24,0.08333,0.68922,1
6,0,25,0.07371,0.65523,1
6,0,26,0.06494,0.61928,1
6,0,27,0.05707,0.58134,1
6,0,28,0.05011,0.54143,1
6,0,29,0.04413,0.49953,1
6,0,30,0.03914,0.45564,1
6,0,31,0.03520,0.40974,1
6,0,32,0.03234,0.36184,1
6,0,33,0.03059,0.31193,1
6,0,34,0.03000,0.26000,1
6,0,35,0.03214,0.22535,1
6,0,36,0.03853,0.19131,1
6,0,37,0.04904,0.15850,1
6,0,38,0.06350,0.12750,1
6,0,39,0.08165,0.09887,1
6,0,40,0.10315,0.07311,1
6,0,41,0.12764,0.05068,1
6,0,42,0.15466,0.03199,1
6,0,43,0.18374,0.01737,1
6,0,44,0.21436,0.00708,1
6,0,45,0.24598,0.00131,1
6,0,46,0.27802,0.00015,1
6,0,47,0.30992,0.00362,1
6,0,48,0.34111,0.01167,1
6,0,49,0.37102,0.02416,1
6,0,50,0.39914,0.04085,1
6,0,51,0.42495,0.06145,1
6,0,52,0.44800,0.08560,1
6,0,53,0.46787,0.11285,1
6,0,54,0.48420,0.14274,1
6,0,55,0.49672,0.17471,1
6,0,56,0.50519,0.20821,1
6,0,57,0.50946,0.24263,1
6,0,58,0.50946,0.27737,1
6,0,59,0.50519,0.31179,1
6,0,60,0.49672,0.34529,1
6,0,61,0.48420,0.37726,1
6,0,62,0.46787,0.40715,1
6,0,63,0.44800,0.43440,1
6,0,64,0.42495,0.45855,1
6,0,65,0.39914,0.47915,1
6,0,66,0.37102,0.49584,1
6,0,67,0.34111,0.50833,1
6,0,68,0.30992,0.51638,1
6,0,69,0.27802,0.51985,1
6,0,70,0.24598,0.51869,1
6,0,71,0.21436,0.51292,1
6,0,72,0.18374,0.50263,1
6,0,73,0.15466,0.48801,1
6,0,74,0.12764,0.46932,1
6,0,75,0.10315,0.44689,1
6,0,76,0.08165,0.42113,1
6,0,77,0.06350,0.39250,1
6,0,78,0.04904,0.36150,1
6,0,79,0.03853,0.32869,1
6,0,80,0.03214,0.29465,1
6,0,81,0.03000,0.26000,1
7,0,0,0.02000,1.00000,0
7,0,1,0.54000,1.00000,1
7,0,2,0.19000,0.00000,1
8,0,0,0.27500,0.49000,0
8,0,1,0.30700,0.49238,1
8,0,2,0.33840,0.49946,1
8,0,3,0.36862,0.51111,1
8,0,4,0.39710,0.52712,1
8,0,5,0.42331,0.54719,1
8,0,6,0.44675,0.57095,1
8,0,7,0.46699,0.59795,1
8,0,8,0.48365,0.62768,1
8,0,9,0.49643,0.65961,1
8,0,10,0.50508,0.69312,1
8,0,11,0.50945,0.72760,1
8,0,12,0.50945,0.76240,1
8,0,13,0.50508,0.79688,1
8,0,14,0.49643,0.83039,1
8,0,15,0.48365,0.86232,1
8,0,16,0.46699,0.89205,1
8,0,17,0.44675,0.91905,1
8,0,18,0.42331,0.94281,1
8,0,19,0.39710,0.96288,1
8,0,20,0.36862,0.97889,1
8,0,21,0.33840,0.99054,1
8,0,22,0.30700,0.99762,1
8,0,23,0.27500,1.00000,1
8,0,24,0.24300,0.99762,1
8,0,25,0.21160,0.99054,1
8,0,26,0.18138,0.97889,1
8,0,27,0.15290,0.96288,1
8,0,28,0.12669,0.94281,1
8,0,29,0.10325,0.91905,1
8,0,30,0.08301,0.89205,1
8,0,31,0.06635,0.86232,1
8,0,32,0.05357,0.83039,1
8,0,33,0.04492,0.79688,1
8,0,34,0.04055,0.76240,1
8,0,35,0.04055,0.72760,1
8,0,36,0.04492,0.69312,1
8,0,37,0.05357,0.65961,1
8,0,38,0.06635,0.62768,1
8,0,39,0.08301,0.59795,1
8,0,40,0.10325,0.57095,1
8,0,41,0.12669,0.54719,1
8,0,42,0.15290,0.52712,1
8,0,43,0.18138,0.51111,1
8,0,44,0.21160,0.49946,1
8,0,45,0.24300,0.49238,1
8,0,46,0.27500,0.49000,1
8,1,0,0.27500,0.49000,0
8,1,1,0.24053,0.48807,1
8,1,2,0.20661,0.48230,1
8,1,3,0.17377,0.47280,1
8,1,4,0.14252,0.45970,1
8,1,5,0.11336,0.44321,1
8,1,6,0.08675,0.42360,1
8,1,7,0.06311,0.40117,1
8,1,8,0.04281,0.37628,1
8,1,9,0.02617,0.34932,1
8,1,10,0.01346,0.32071,1
8,1,11,0.00487,0.29091,1
8,1,12,0.00054,0.26038,1
8,1,13,0.00054,0.22962,1
8,1,14,0.00487,0.19909,1
8,1,15,0.01346,0.16929,1
8,1,16,0.02617,0.14068,1
8,1,17,0.04281,0.11372,1
8,1,18,0.06311,0.08883,1
8,1,19,0.08675,0.06640,1
8,1,20,0.11336,0.04679,1
8,1,21,0.14252,0.03030,1
8,1,22,0.17377,0.01720,1
8,1,23,0.20661,0.00770,1
8,1,24,0.24053,0.00193,1
8,1,25,0.27500,0.00000,1
8,1,26,0.30947,0.00193,1
8,1,27,0.34339,0.00770,1
8,1,28,0.37623,0.01720,1
8,1,29,0.40748,0.03030,1
8,1,30,0.43664,0.04679,1
8,1,31,0.46325,0.06640,1
8,1,32,0.48689,0.08883,1
8,1,33,0.50719,0.11372,1
8,1,34,0.52383,0.14068,1
8,1,35,0.53654,0.16929,1
8,1,36,0.54513,0.19909,1
8,1,37,0.54946,0.22962,1
8,1,38,0.54946,0.26038,1
8,1,39,0.54513,0.29091,1
8,1,40,0.53654,0.32071,1
8,1,41,0.52383,0.34932,1
8,1,42,0.50719,0.37628,1
8,1,43,0.48689,0.40117,1
8,1,44,0.46325,0.42360,1
8,1,45,0.43664,0.44321,1
8,1,46,0.40748,0.45970,1
8,1,47,0.37623,0.47280,1
8,1,48,0.34339,0.48230,1
8,1,49,0.30947,0.48807,1
8,1,50,0.27500,0.49000,1
9,0,0,0.07000,0.07000,0
9,0,1,0.08857,0.05856,1
9,0,2,0.10722,0.04894,1
9,0,3,0.12588,0.04114,1
9,0,4,0.14454,0.03519,1
9,0,5,0.16315,0.03107,1
9,0,6,0.18167,0.02880,1
9,0,7,0.20007,0.02839,1
9,0,8,0.21830,0.02983,1
9,0,9,0.23633,0.03314,1
9,0,10,0.25412,0.03832,1
9,0,11,0.27164,0.04538,1
9,0,12,0.28884,0.05432,1
9,0,13,0.30568,0.06515,1
9,0,14,0.32213,0.07788,1
9,0,15,0.33815,0.09251,1
9,0,16,0.35370,0.10905,1
9,0,17,0.36875,0.12750,1
9,0,18,0.38325,0.14787,1
9,0,19,0.39717,0.17017,1
9,0,20,0.41046,0.19440,1
9,0,21,0.42310,0.22058,1
9,0,22,0.43504,0.24869,1
9,0,23,0.44624,0.27876,1
9,0,24,0.45667,0.31078,1
9,0,25,0.46629,0.34477,1
9,0,26,0.47506,0.38072,1
9,0,27,0.48293,0.41866,1
9,0,28,0.48989,0.45857,1
9,0,29,0.49587,0.50047,1
9,0,30,0.50086,0.54436,1
9,0,31,0.50480,0.59026,1
9,0,32,0.50766,0.63816,1
9,0,33,0.50941,0.68807,1
9,0,34,0.51000,0.74000,1
9,0,35,0.50786,0.77465,1
9,0,36,0.50147,0.80869,1
9,0,37,0.49096,0.84150,1
9,0,38,0.47650,0.87250,1
9,0,39,0.45835,0.90113,1
9,0,40,0.43685,0.92689,1
9,0,41,0.41236,0.94932,1
9,0,42,0.38534,0.96801,1
9,0,43,0.35626,0.98263,1
9,0,44,0.32564,0.99292,1
9,0,45,0.29402,0.99869,1
9,0,46,0.26198,0.99985,1
9,0,47,0.23008,0.99638,1
9,0,48,0.19889,0.98833,1
9,0,49,0.16898,0.97584,1
9,0,50,0.14086,0.95915,1
9,0,51,0.11505,0.93855,1
9,0,52,0.09200,0.91440,1
9,0,53,0.07213,0.88715,1
9,0,54,0.05580,0.85726,1
9,0,55,0.04328,0.82529,1
9,0,56,0.03481,0.79179,1
9,0,57,0.03054,0.75737,1
9,0,58,0.03054,0.72263,1
9,0,59,0.03481,0.68821,1
9,0,60,0.04328,0.65471,1
9,0,61,0.05580,0.62274,1
9,0,62,0.07213,0.59285,1
9,0,63,0.09200,0.56560,1
9,0,64,0.11505,0.54145,1
9,0,65,0.14086,0.52085,1
9,0,66,0.16898,0.50416,1
9,0,67,0.19889,0.49167,1
9,0,68,0.23008,0.48362,1
9,0,69,0.26198,0.48015,1
9,0,70,0.29402,0.48131,1
9,0,71,0.32564,0.48708,1
9,0,72,0.35626,0.49737,1
9,0,73,0.38534,0.51199,1
9,0,74,0.41236,0.53068,1
9,0,75,0.43685,0.55311,1
9,0,76,0.45835,0.57887,1
9,0,77,0.47650,0.60750,1
9,0,78,0.49096,0.63850,1
9,0,79,0.50147,0.67131,1
9,0,80,0.50786,0.70535,1
9,0,81,0.51000,0.74000,1
:,0,0,0.09000,0.62000,0
:,0,1,0.15000,0.62000,1
:,1,0,0.09000,0.00000,0
:,1,1,0.15000,0.00000,1
=,0,0,0.04000,0.58000,0
=,0,1,0.42000,0.58000,1
=,1,0,0.04000,0.34000,0
=,1,1,0.42000,0.34000,1
?,0,0,0.05000,0.75000,0
?,0,1,0.04953,0.77909,1
?,0,2,0.05175,0.80636,1
?,0,3,0.05649,0.83181,1
?,0,4,0.06355,0.85543,1
?,0,5,0.07278,0.87722,1
?,0,6,0.08397,0.89717,1
?,0,7,0.09696,0.91529,1
?,0,8,0.11156,0.93156,1
?,0,9,0.12760,0.94599,1
?,0,10,0.14490,0.95857,1
?,0,11,0.16327,0.96930,1
?,0,12,0.18254,0.97816,1
?,0,13,0.20253,0.98517,1
?,0,14,0.22305,0.99032,1
?,0,15,0.24394,0.99359,1
?,0,16,0.26500,0.99500,1
?,0,17,0.28606,0.99453,1
?,0,18,0.30695,0.99218,1
?,0,19,0.32747,0.98795,1
?,0,20,0.34746,0.98184,1
?,0,21,0.36673,0.97383,1
?,0,22,0.38510,0.96393,1
?,0,23,0.40240,0.95213,1
?,0,24,0.41844,0.93844,1
?,0,25,0.43304,0.92284,1
?,0,26,0.44603,0.90533,1
?,0,27,0.45722,0.88591,1
?,0,28,0.46645,0.86457,1
?,0,29,0.47351,0.84132,1
?,0,30,0.47825,0.81614,1
?,0,31,0.48047,0.78903,1
?,0,32,0.48000,0.76000,1
?,0,33,0.47507,0.72975,1
?,0,34,0.46719,0.70211,1
?,0,35,0.45676,0.67671,1
?,0,36,0.44417,0.65320,1
?,0,37,0.42981,0.63120,1
?,0,38,0.41407,0.61037,1
?,0,39,0.39735,0.59034,1
?,0,40,0.38003,0.57075,1
?,0,41,0.36250,0.55125,1
?,0,42,0.34516,0.53147,1
?,0,43,0.32839,0.51105,1
?,0,44,0.31259,0.48963,1
?,0,45,0.29815,0.46685,1
?,0,46,0.28546,0.44236,1
?,0,47,0.27491,0.41579,1
?,0,48,0.26689,0.38678,1
?,0,49,0.26179,0.35497,1
?,0,50,0.26000,0.32000,1
?,1,0,0.23000,0.00000,0
?,1,1,0.29000,0.00000,1
A,0,0,0.00000,0.00000,0
A,0,1,0.30000,1.00000,1
A,0,2,0.60000,0.00000,1
A,1,0,0.12000,0.40000,0
A,1,1,0.48000,0.40000,1
B,0,0,0.00000,0.00000,0
B,0,1,0.00000,1.00000,1
B,1,0,0.00000,1.00000,0
B,1,1,0.03483,0.99834,1
B,1,2,0.06918,0.99340,1
B,1,3,0.10261,0.98522,1
B,1,4,0.13464,0.97394,1
B,1,5,0.16485,0.95969,1
B,1,6,0.19284,0.94268,1
B,1,7,0.21821,0.92313,1
B,1,8,0.24064,0.90130,1
B,1,9,0.25981,0.87750,1
B,1,10,0.27546,0.85204,1
B,1,11,0.28740,0.82527,1
B,1,12,0.29544,0.79754,1
B,1,13,0.29949,0.76925,1
B,1,14,0.29949,0.74075,1
B,1,15,0.29544,0.71246,1
B,1,16,0.28740,0.68473,1
B,1,17,0.27546,0.65796,1
B,1,18,0.25981,0.63250,1
B,1,19,0.24064,0.60870,1
B,1,20,0.21821,0.58687,1
B,1,21,0.19284,0.56732,1
B,1,22,0.16485,0.55031,1
B,1,23,0.13464,0.53606,1
B,1,24,0.10261,0.52478,1
B,1,25,0.06918,0.51660,1
B,1,26,0.03483,0.51166,1
B,1,27,0.00000,0.51000,1
B,2,0,0.00000,0.51000,0
B,2,1,0.03440,0.50869,1
B,2,2,0.06844,0.50478,1
B,2,3,0.10178,0.49831,1
B,2,4,0.13408,0.48933,1
B,2,5,0.16500,0.47796,1
B,2,6,0.19423,0.46429,1
B,2,7,0.22147,0.44848,1
B,2,8,0.24643,0.43069,1
B,2,9,0.26886,0.41109,1
B,2,10,0.28854,0.38989,1
B,2,11,0.30525,0.36730,1
B,2,12,0.31884,0.34356,1
B,2,13,0.32915,0.31892,1
B,2,14,0.33608,0.29361,1
B,2,15,0.33956,0.26792,1
B,2,16,0.33956,0.24208,1
B,2,17,0.33608,0.21639,1
B,2,18,0.32915,0.19108,1
B,2,19,0.31884,0.16644,1
B,2,20,0.30525,0.14270,1
B,2,21,0.28854,0.12011,1
B,2,22,0.26886,0.09891,1
B,2,23,0.24643,0.07931,1
B,2,24,0.22147,0.06152,1
B,2,25,0.19423,0.04571,1
B,2,26,0.16500,0.03204,1
B,2,27,0.13408,0.02067,1
B,2,28,0.10178,0.01169,1
B,2,29,0.06844,0.00522,1
B,2,30,0.03440,0.00131,1
B,2,31,0.00000,0.00000,1
C,0,0,0.49284,0.88302,0
C,0,1,0.47634,0.90451,1
C,0,2,0.45898,0.92402,1
C,0,3,0.44084,0.94147,1
C,0,4,0.42202,0.95677,1
C,0,5,0.40261,0.96985,1
C,0,6,0.38269,0.98063,1
C,0,7,0.36237,0.98907,1
C,0,8,0.34175,0.99513,1
C,0,9,0.32093,0.99878,1
C,0,10,0.30000,1.00000,1
C,0,11,0.27907,0.99878,1
C,0,12,0.25825,0.99513,1
C,0,13,0.23763,0.98907,1
C,0,14,0.21731,0.98063,1
C,0,15,0.19739,0.96985,1
C,0,16,0.17798,0.95677,1
C,0,17,0.15916,0.94147,1
C,0,18,0.14102,0.92402,1
C,0,19,0.12366,0.90451,1
C,0,20,0.10716,0.88302,1
C,0,21,0.09160,0.85967,1
C,0,22,0.07706,0.83457,1
C,0,23,0.06360,0.80783,1
C,0,24,0.05129,0.77960,1
C,0,25,0.04019,0.75000,1
C,0,26,0.03036,0.71919,1
C,0,27,0.02184,0.68730,1
C,0,28,0.01468,0.65451,1
C,0,29,0.00891,0.62096,1
C,0,30,0.00456,0.58682,1
C,0,31,0.00164,0.55226,1
C,0,32,0.00018,0.51745,1
C,0,33,0.00018,0.48255,1
C,0,34,0.00164,0.44774,1
C,0,35,0.00456,0.41318,1
C,0,36,0.00891,0.37904,1
C,0,37,0.01468,0.34549,1
C,0,38,0.02184,0.31270,1
C,0,39,0.03036,0.28081,1
C,0,40,0.04019,0.25000,1
C,0,41,0.05129,0.22040,1
C,0,42,0.06360,0.19217,1
C,0,43,0.07706,0.16543,1
C,0,44,0.09160,0.14033,1
C,0,45,0.10716,0.11698,1
C,0,46,0.12366,0.09549,1
C,0,47,0.14102,0.07598,1
C,0,48,0.15916,0.05853,1
C,0,49,0.17798,0.04323,1
C,0,50,0.19739,0.03015,1
C,0,51,0.21731,0.01937,1
C,0,52,0.23763,0.01093,1
C,0,53,0.25825,0.00487,1
C,0,54,0.27907,0.00122,1
C,0,55,0.30000,0.00000,1
C,0,56,0.32093,0.00122,1
C,0,57,0.34175,0.00487,1
C,0,58,0.36237,0.01093,1
C,0,59,0.38269,0.01937,1
C,0,60,0.40261,0.03015,1
C,0,61,0.42202,0.04323,1
C,0,62,0.44084,0.05853,1
C,0,63,0.45898,0.07598,1
C,0,64,0.47634,0.09549,1
C,0,65,0.49284,0.11698,1
D,0,0,0.00000,0.00000,0
D,0,1,0.00000,1.00000,1
D,1,0,0.00000,1.00000,0
D,1,1,0.03436,0.99912,1
D,1,2,0.06860,0.99649,1
D,1,3,0.10260,0.99212,1
D,1,4,0.13623,0.98601,1
D,1,5,0.16939,0.97820,1
D,1,6,0.20196,0.96871,1
D,1,7,0.23381,0.95757,1
D,1,8,0.26484,0.94483,1
D,1,9,0.29495,0.93052,1
D,1,10,0.32402,0.91470,1
D,1,11,0.35194,0.89743,1
D,1,12,0.37864,0.87876,1
D,1,13,0.40400,0.85875,1
D,1,14,0.42794,0.83749,1
D,1,15,0.45038,0.81504,1
D,1,16,0.47124,0.79149,1
D,1,17,0.49045,0.76691,1
D,1,18,0.50793,0.74140,1
D,1,19,0.52362,0.71503,1
D,1,20,0.53748,0.68791,1
D,1,21,0.54945,0.66013,1
D,1,22,0.55949,0.63179,1
D,1,23,0.56756,0.60299,1
D,1,24,0.57364,0.57382,1
D,1,25,0.57771,0.54440,1
D,1,26,0.57975,0.51482,1
D,1,27,0.57975,0.48518,1
D,1,28,0.57771,0.45560,1
D,1,29,0.57364,0.42618,1
D,1,30,0.56756,0.39701,1
D,1,31,0.55949,0.36821,1
D,1,32,0.54945,0.33987,1
D,1,33,0.53748,0.31209,1
D,1,34,0.52362,0.28497,1
D,1,35,0.50793,0.25860,1
D,1,36,0.49045,0.23309,1
D,1,37,0.47124,0.20851,1
D,1,38,0.45038,0.18496,1
D,1,39,0.42794,0.16251,1
D,1,40,0.40400,0.14125,1
D,1,41,0.37864,0.12124,1
D,1,42,0.35194,0.10257,1
D,1,43,0.32402,0.08530,1
D,1,44,0.29495,0.06948,1
D,1,45,0.26484,0.05517,1
D,1,46,0.23381,0.04243,1
D,1,47,0.20196,0.03129,1
D,1,48,0.16939,0.02180,1
D,1,49,0.13623,0.01399,1
D,1,50,0.10260,0.00788,1
D,1,51,0.06860,0.00351,1
D,1,52,0.03436,0.00088,1
D,1,53,0.00000,0.00000,1
E,0,0,0.55000,1.00000,0
E,0,1,0.00000,1.00000,1
E,0,2,0.00000,0.00000,1
E,0,3,0.55000,0.00000,1
E,1,0,0.00000,0.50000,0
E,1,1,0.45000,0.50000,1
F,0,0,0.55000,1.00000,0
F,0,1,0.00000,1.00000,1
F,0,2,0.00000,0.00000,1
F,1,0,0.00000,0.50000,0
F,1,1,0.45000,0.50000,1
G,0,0,0.50926,0.88302,0
G,0,1,0.49233,0.90437,1
G,0,2,0.47453,0.92377,1
G,0,3,0.45593,0.94114,1
G,0,4,0.43663,0.95638,1
G,0,5,0.41672,0.96944,1
G,0,6,0.39630,0.98023,1
G,0,7,0.37547,0.98872,1
G,0,8,0.35432,0.99486,1
G,0,9,0.33296,0.99863,1
G,0,10,0.31148,0.99999,1
G,0,11,0.29000,0.99896,1
G,0,12,0.26862,0.99553,1
G,0,13,0.24743,0.98971,1
G,0,14,0.22655,0.98154,1
G,0,15,0.20607,0.97106,1
G,0,16,0.18608,0.95832,1
G,0,17,0.16669,0.94337,1
G,0,18,0.14799,0.92629,1
G,0,19,0.13007,0.90716,1
G,0,20,0.11302,0.88608,1
G,0,21,0.09691,0.86314,1
G,0,22,0.08182,0.83846,1
G,0,23,0.06783,0.81215,1
G,0,24,0.05500,0.78434,1
G,0,25,0.04340,0.75516,1
G,0,26,0.03308,0.72476,1
G,0,27,0.02410,0.69327,1
G,0,28,0.01648,0.66086,1
G,0,29,0.01028,0.62768,1
G,0,30,0.00551,0.59388,1
G,0,31,0.00221,0.55963,1
G,0,32,0.00039,0.52509,1
G,0,33,0.00006,0.49044,1
G,0,34,0.00121,0.45583,1
G,0,35,0.00385,0.42143,1
G,0,36,0.00796,0.38741,1
G,0,37,0.01352,0.35393,1
G,0,38,0.02051,0.32115,1
G,0,39,0.02889,0.28923,1
G,0,40,0.03862,0.25833,1
G,0,41,0.04965,0.22858,1
G,0,42,0.06193,0.20014,1
G,0,43,0.07541,0.17314,1
G,0,44,0.09001,0.14772,1
G,0,45,0.10567,0.12398,1
G,0,46,0.12231,0.10205,1
G,0,47,0.13986,0.08204,1
G,0,48,0.15822,0.06403,1
G,0,49,0.17731,0.04812,1
G,0,50,0.19704,0.03438,1
G,0,51,0.21731,0.02287,1
G,0,52,0.23803,0.01366,1
G,0,53,0.25909,0.00679,1
G,0,54,0.28040,0.00228,1
G,0,55,0.30185,0.00017,1
G,0,56,0.32334,0.00046,1
G,0,57,0.34476,0.00315,1
G,0,58,0.36602,0.00823,1
G,0,59,0.38701,0.01567,1
G,0,60,0.40763,0.02544,1
G,0,61,0.42778,0.03749,1
G,0,62,0.44736,0.05176,1
G,0,63,0.46628,0.06819,1
G,0,64,0.48445,0.08669,1
G,0,65,0.50179,0.10718,1
G,0,66,0.51820,0.12955,1
G,0,67,0.53361,0.15370,1
G,0,68,0.54795,0.17952,1
G,0,69,0.56114,0.20688,1
G,0,70,0.57313,0.23565,1
G,0,71,0.58385,0.26569,1
G,0,72,0.59326,0.29685,1
G,0,73,0.60130,0.32899,1
G,0,74,0.60100,0.32900,1
G,0,75,0.60100,0.46000,1
G,0,76,0.32000,0.46000,1
H,0,0,0.00000,0.00000,0
H,0,1,0.00000,1.00000,1
H,1,0,0.58000,0.00000,0
H,1,1,0.58000,1.00000,1
H,2,0,0.00000,0.50000,0
H,2,1,0.58000,0.50000,1
I,0,0,0.00000,1.00000,0
I,0,1,0.40000,1.00000,1
I,1,0,0.20000,1.00000,0
I,1,1,0.20000,0.00000,1
I,2,0,0.00000,0.00000,0
I,2,1,0.40000,0.00000,1
J,0,0,0.50000,1.00000,0
J,0,1,0.50000,0.26000,1
J,0,2,0.49786,0.22606,1
J,0,3,0.49148,0.19271,1
J,0,4,0.48097,0.16050,1
J,0,5,0.46651,0.13000,1
J,0,6,0.44834,0.10172,1
J,0,7,0.42678,0.07615,1
J,0,8,0.40219,0.05373,1
J,0,9,0.37500,0.03483,1
J,0,10,0.34567,0.01979,1
J,0,11,0.31470,0.00886,1
J,0,12,0.28263,0.00222,1
J,0,13,0.25000,0.00000,1
J,0,14,0.21737,0.00222,1
J,0,15,0.18530,0.00886,1
J,0,16,0.15433,0.01979,1
J,0,17,0.12500,0.03483,1
J,0,18,0.09781,0.05373,1
J,0,19,0.07322,0.07615,1
J,0,20,0.05166,0.10172,1
J,0,21,0.03349,0.13000,1
J,0,22,0.01903,0.16050,1
J,0,23,0.00852,0.19271,1
J,0,24,0.00214,0.22606,1
J,0,25,0.00000,0.26000,1
K,0,0,0.00000,0.00000,0
K,0,1,0.00000,1.00000,1
K,1,0,0.55000,1.00000,0
K,1,1,0.00000,0.38000,1
K,1,2,0.55000,0.00000,1
L,0,0,0.00000,1.00000,0
L,0,1,0.00000,0.00000,1
L,0,2,0.50000,0.00000,1
M,0,0,0.00000,0.00000,0
M,0,1,0.00000,1.00000,1
M,0,2,0.35000,0.32000,1
M,0,3,0.70000,1.00000,1
M,0,4,0.70000,0.00000,1
N,0,0,0.00000,0.00000,0
N,0,1,0.00000,1.00000,1
N,0,2,0.62000,0.00000,1
N,0,3,0.62000,1.00000,1
O,0,0,0.62000,0.50000,0
O,0,1,0.61924,0.53488,1
O,0,2,0.61698,0.56959,1
O,0,3,0.61323,0.60396,1
O,0,4,0.60799,0.63782,1
O,0,5,0.60130,0.67101,1
O,0,6,0.59320,0.70337,1
O,0,7,0.58371,0.73474,1
O,0,8,0.57289,0.76496,1
O,0,9,0.56080,0.79389,1
O,0,10,0.54747,0.82139,1
O,0,11,0.53300,0.84733,1
O,0,12,0.51743,0.87157,1
O,0,13,0.50086,0.89401,1
O,0,14,0.48335,0.91452,1
O,0,15,0.46500,0.93301,1
O,0,16,0.44590,0.94940,1
O,0,17,0.42613,0.96359,1
O,0,18,0.40580,0.97553,1
O,0,19,0.38500,0.98515,1
O,0,20,0.36383,0.99240,1
O,0,21,0.34240,0.99726,1
O,0,22,0.32082,0.99970,1
O,0,23,0.29918,0.99970,1
O,0,24,0.27760,0.99726,1
O,0,25,0.25617,0.99240,1
O,0,26,0.23500,0.98515,1
O,0,27,0.21420,0.97553,1
O,0,28,0.19387,0.96359,1
O,0,29,0.17410,0.94940,1
O,0,30,0.15500,0.93301,1
O,0,31,0.13665,0.91452,1
O,0,32,0.11914,0.89401,1
O,0,33,0.10257,0.87157,1
O,0,34,0.08700,0.84733,1
O,0,35,0.07253,0.82139,1
O,0,36,0.05920,0.79389,1
O,0,37,0.04711,0.76496,1
O,0,38,0.03629,0.73474,1
O,0,39,0.02680,0.70337,1
O,0,40,0.01870,0.67101,1
O,0,41,0.01201,0.63782,1
O,0,42,0.00677,0.60396,1
O,0,43,0.00302,0.56959,1
O,0,44,0.00076,0.53488,1
O,0,45,0.00000,0.50000,1
O,0,46,0.00076,0.46512,1
O,0,47,0.00302,0.43041,1
O,0,48,0.00677,0.39604,1
O,0,49,0.01201,0.36218,1
O,0,50,0.01870,0.32899,1
O,0,51,0.02680,0.29663,1
O,0,52,0.03629,0.26526,1
O,0,53,0.04711,0.23504,1
O,0,54,0.05920,0.20611,1
O,0,55,0.07253,0.17861,1
O,0,56,0.08700,0.15267,1
O,0,57,0.10257,0.12843,1
O,0,58,0.11914,0.10599,1
O,0,59,0.13665,0.08548,1
O,0,60,0.15500,0.06699,1
O,0,61,0.17410,0.05060,1
O,0,62,0.19387,0.03641,1
O,0,63,0.21420,0.02447,1
O,0,64,0.23500,0.01485,1
O,0,65,0.25617,0.00760,1
O,0,66,0.27760,0.00274,1
O,0,67,0.29918,0.00030,1
O,0,68,0.32082,0.00030,1
O,0,69,0.34240,0.00274,1
O,0,70,0.36383,0.00760,1
O,0,71,0.38500,0.01485,1
O,0,72,0.40580,0.02447,1
O,0,73,0.42613,0.03641,1
O,0,74,0.44590,0.05060,1
O,0,75,0.46500,0.06699,1
O,0,76,0.48335,0.08548,1
O,0,77,0.50086,0.10599,1
O,0,78,0.51743,0.12843,1
O,0,79,0.53300,0.15267,1
O,0,80,0.54747,0.17861,1
O,0,81,0.56080,0.20611,1
O,0,82,0.57289,0.23504,1
O,0,83,0.58371,0.26526,1
O,0,84,0.59320,0.29663,1
O,0,85,0.60130,0.32899,1
O,0,86,0.60799,0.36218,1
O,0,87,0.61323,0.39604,1
O,0,88,0.61698,0.43041,1
O,0,89,0.61924,0.46512,1
O,0,90,0.62000,0.50000,1
P,0,0,0.00000,0.00000,0
P,0,1,0.00000,1.00000,1
P,1,0,0.00000,1.00000,0
P,1,1,0.03422,0.99880,1
P,1,2,0.06813,0.99521,1
P,1,3,0.10142,0.98927,1
P,1,4,0.13380,0.98102,1
P,1,5,0.16496,0.97054,1
P,1,6,0.19463,0.95793,1
P,1,7,0.22254,0.94330,1
P,1,8,0.24843,0.92679,1
P,1,9,0.27207,0.90854,1
P,1,10,0.29325,0.88872,1
P,1,11,0.31177,0.86750,1
P,1,12,0.32747,0.84508,1
P,1,13,0.34020,0.82167,1
P,1,14,0.34985,0.79748,1
P,1,15,0.35634,0.77271,1
P,1,16,0.35959,0.74761,1
P,1,17,0.35959,0.72239,1
P,1,18,0.35634,0.69729,1
P,1,19,0.34985,0.67252,1
P,1,20,0.34020,0.64833,1
P,1,21,0.32747,0.62492,1
P,1,22,0.31177,0.60250,1
P,1,23,0.29325,0.58128,1
P,1,24,0.27207,0.56146,1
P,1,25,0.24843,0.54321,1
P,1,26,0.22254,0.52670,1
P,1,27,0.19463,0.51207,1
P,1,28,0.16496,0.49946,1
P,1,29,0.13380,0.48898,1
P,1,30,0.10142,0.48073,1
P,1,31,0.06813,0.47479,1
P,1,32,0.03422,0.47120,1
P,1,33,0.00000,0.47000,1
Q,0,0,0.62000,0.50000,0
Q,0,1,0.61924,0.53488,1
Q,0,2,0.61698,0.56959,1
Q,0,3,0.61323,0.60396,1
Q,0,4,0.60799,0.63782,1
Q,0,5,0.60130,0.67101,1
Q,0,6,0.59320,0.70337,1
Q,0,7,0.58371,0.73474,1
Q,0,8,0.57289,0.76496,1
Q,0,9,0.56080,0.79389,1
Q,0,10,0.54747,0.82139,1
Q,0,11,0.53300,0.84733,1
Q,0,12,0.51743,0.87157,1
Q,0,13,0.50086,0.89401,1
Q,0,14,0.48335,0.91452,1
Q,0,15,0.46500,0.93301,1
Q,0,16,0.44590,0.94940,1
Q,0,17,0.42613,0.96359,1
Q,0,18,0.40580,0.97553,1
Q,0,19,0.38500,0.98515,1
Q,0,20,0.36383,0.99240,1
Q,0,21,0.34240,0.99726,1
Q,0,22,0.32082,0.99970,1
Q,0,23,0.29918,0.99970,1
Q,0,24,0.27760,0.99726,1
Q,0,25,0.25617,0.99240,1
Q,0,26,0.23500,0.98515,1
Q,0,27,0.21420,0.97553,1
Q,0,28,0.19387,0.96359,1
Q,0,29,0.17410,0.94940,1
Q,0,30,0.15500,0.93301,1
Q,0,31,0.13665,0.91452,1
Q,0,32,0.11914,0.89401,1
Q,0,33,0.10257,0.87157,1
Q,0,34,0.08700,0.84733,1
Q,0,35,0.07253,0.82139,1
Q,0,36,0.05920,0.79389,1
Q,0,37,0.04711,0.76496,1
Q,0,38,0.03629,0.73474,1
Q,0,39,0.02680,0.70337,1
Q,0,40,0.01870,0.67101,1
Q,0,41,0.01201,0.63782,1
Q,0,42,0.00677,0.60396,1
Q,0,43,0.00302,0.56959,1
Q,0,44,0.00076,0.53488,1
Q,0,45,0.00000,0.50000,1
Q,0,46,0.00076,0.46512,1
Q,0,47,0.00302,0.43041,1
Q,0,48,0.00677,0.39604,1
Q,0,49,0.01201,0.36218,1
Q,0,50,0.01870,0.32899,1
Q,0,51,0.02680,0.29663,1
Q,0,52,0.03629,0.26526,1
Q,0,53,0.04711,0.23504,1
Q,0,54,0.05920,0.20611,1
Q,0,55,0.07253,0.17861,1
Q,0,56,0.08700,0.15267,1
Q,0,57,0.10257,0.12843,1
Q,0,58,0.11914,0.10599,1
Q,0,59,0.13665,0.08548,1
Q,0,60,0.15500,0.06699,1
Q,0,61,0.17410,0.05060,1
Q,0,62,0.19387,0.03641,1
Q,0,63,0.21420,0.02447,1
Q,0,64,0.23500,0.01485,1
Q,0,65,0.25617,0.00760,1
Q,0,66,0.27760,0.00274,1
Q,0,67,0.29918,0.00030,1
Q,0,68,0.32082,0.00030,1
Q,0,69,0.34240,0.00274,1
Q,0,70,0.36383,0.00760,1
Q,0,71,0.38500,0.01485,1
Q,0,72,0.40580,0.02447,1
Q,0,73,0.42613,0.03641,1
Q,0,74,0.44590,0.05060,1
Q,0,75,0.46500,0.06699,1
Q,0,76,0.48335,0.08548,1
Q,0,77,0.50086,0.10599,1
Q,0,78,0.51743,0.12843,1
Q,0,79,0.53300,0.15267,1
Q,0,80,0.54747,0.17861,1
Q,0,81,0.56080,0.20611,1
Q,0,82,0.57289,0.23504,1
Q,0,83,0.58371,0.26526,1
Q,0,84,0.59320,0.29663,1
Q,0,85,0.60130,0.32899,1
Q,0,86,0.60799,0.36218,1
Q,0,87,0.61323,0.39604,1
Q,0,88,0.61698,0.43041,1
Q,0,89,0.61924,0.46512,1
Q,0,90,0.62000,0.50000,1
Q,1,0,0.38000,0.22000,0
Q,1,1,0.64000,-0.06000,1
R,0,0,0.00000,0.00000,0
R,0,1,0.00000,1.00000,1
R,1,0,0.00000,1.00000,0
R,1,1,0.03440,0.99864,1
R,1,2,0.06844,0.99458,1
R,1,3,0.10178,0.98785,1
R,1,4,0.13408,0.97852,1
R,1,5,0.16500,0.96670,1
R,1,6,0.19423,0.95250,1
R,1,7,0.22147,0.93607,1
R,1,8,0.24643,0.91758,1
R,1,9,0.26886,0.89721,1
R,1,10,0.28854,0.87518,1
R,1,11,0.30525,0.85170,1
R,1,12,0.31884,0.82704,1
R,1,13,0.32915,0.80142,1
R,1,14,0.33608,0.77513,1
R,1,15,0.33956,0.74842,1
R,1,16,0.33956,0.72158,1
R,1,17,0.33608,0.69487,1
R,1,18,0.32915,0.66858,1
R,1,19,0.31884,0.64296,1
R,1,20,0.30525,0.61830,1
R,1,21,0.28854,0.59482,1
R,1,22,0.26886,0.57279,1
R,1,23,0.24643,0.55242,1
R,1,24,0.22147,0.53393,1
R,1,25,0.19423,0.51750,1
R,1,26,0.16500,0.50330,1
R,1,27,0.13408,0.49148,1
R,1,28,0.10178,0.48215,1
R,1,29,0.06844,0.47542,1
R,1,30,0.03440,0.47136,1
R,1,31,0.00000,0.47000,1
R,2,0,0.06000,0.47000,0
R,2,1,0.56000,0.00000,1
S,0,0,0.53000,0.85000,0
S,0,1,0.52940,0.87026,1
S,0,2,0.52575,0.88903,1
S,0,3,0.51926,0.90629,1
S,0,4,0.51014,0.92201,1
S,0,5,0.49861,0.93616,1
S,0,6,0.48488,0.94872,1
S,0,7,0.46916,0.95967,1
S,0,8,0.45167,0.96898,1
S,0,9,0.43262,0.97663,1
S,0,10,0.41222,0.98259,1
S,0,11,0.39069,0.98684,1
S,0,12,0.36824,0.98936,1
S,0,13,0.34508,0.99012,1
S,0,14,0.32143,0.98909,1
S,0,15,0.29750,0.98625,1
S,0,16,0.27350,0.98158,1
S,0,17,0.24965,0.97505,1
S,0,18,0.22616,0.96664,1
S,0,19,0.20324,0.95632,1
S,0,20,0.18111,0.94407,1
S,0,21,0.15998,0.92987,1
S,0,22,0.14006,0.91369,1
S,0,23,0.12157,0.89550,1
S,0,24,0.10472,0.87528,1
S,0,25,0.08972,0.85301,1
S,0,26,0.07679,0.82866,1
S,0,27,0.06614,0.80221,1
S,0,28,0.05798,0.77363,1
S,0,29,0.05253,0.74290,1
S,0,30,0.05000,0.71000,1
S,0,31,0.05090,0.68771,1
S,0,32,0.05560,0.66739,1
S,0,33,0.06381,0.64889,1
S,0,34,0.07523,0.63203,1
S,0,35,0.08953,0.61665,1
S,0,36,0.10643,0.60259,1
S,0,37,0.12562,0.58968,1
S,0,38,0.14679,0.57776,1
S,0,39,0.16963,0.56667,1
S,0,40,0.19384,0.55623,1
S,0,41,0.21913,0.54628,1
S,0,42,0.24517,0.53667,1
S,0,43,0.27167,0.52722,1
S,0,44,0.29833,0.51776,1
S,0,45,0.32483,0.50815,1
S,0,46,0.35087,0.49820,1
S,0,47,0.37616,0.48776,1
S,0,48,0.40037,0.47667,1
S,0,49,0.42321,0.46475,1
S,0,50,0.44438,0.45184,1
S,0,51,0.46357,0.43778,1
S,0,52,0.48047,0.42240,1
S,0,53,0.49477,0.40554,1
S,0,54,0.50619,0.38704,1
S,0,55,0.51440,0.36672,1
S,0,56,0.51910,0.34443,1
S,0,57,0.52000,0.32000,1
S,0,58,0.51740,0.28803,1
S,0,59,0.51180,0.25832,1
S,0,60,0.50343,0.23083,1
S,0,61,0.49251,0.20554,1
S,0,62,0.47926,0.18241,1
S,0,63,0.46389,0.16141,1
S,0,64,0.44662,0.14252,1
S,0,65,0.42767,0.12571,1
S,0,66,0.40727,0.11094,1
S,0,67,0.38562,0.09820,1
S,0,68,0.36296,0.08743,1
S,0,69,0.33949,0.07863,1
S,0,70,0.31544,0.07176,1
S,0,71,0.29103,0.06678,1
S,0,72,0.26647,0.06368,1
S,0,73,0.24198,0.06242,1
S,0,74,0.21779,0.06296,1
S,0,75,0.19410,0.06529,1
S,0,76,0.17115,0.06937,1
S,0,77,0.14915,0.07517,1
S,0,78,0.12832,0.08266,1
S,0,79,0.10887,0.09182,1
S,0,80,0.09104,0.10261,1
S,0,81,0.07502,0.11500,1
S,0,82,0.06105,0.12897,1
S,0,83,0.04935,0.14448,1
S,0,84,0.04012,0.16151,1
S,0,85,0.03360,0.18003,1
S,0,86,0.03000,0.20000,1
T,0,0,0.00000,1.00000,0
T,0,1,0.55000,1.00000,1
T,1,0,0.27500,1.00000,0
T,1,1,0.27500,0.00000,1
U,0,0,0.00000,1.00000,0
U,0,1,0.00000,0.28000,1
U,0,2,0.00196,0.24749,1
U,0,3,0.00782,0.21543,1
U,0,4,0.01749,0.18423,1
U,0,5,0.03085,0.15434,1
U,0,6,0.04771,0.12614,1
U,0,7,0.06785,0.10002,1
U,0,8,0.09099,0.07634,1
U,0,9,0.11682,0.05541,1
U,0,10,0.14500,0.03751,1
U,0,11,0.17514,0.02290,1
U,0,12,0.20683,0.01176,1
U,0,13,0.23964,0.00425,1
U,0,14,0.27314,0.00047,1
U,0,15,0.30686,0.00047,1
U,0,16,0.34036,0.00425,1
U,0,17,0.37317,0.01176,1
U,0,18,0.40486,0.02290,1
U,0,19,0.43500,0.03751,1
U,0,20,0.46318,0.05541,1
U,0,21,0.48901,0.07634,1
U,0,22,0.51215,0.10002,1
U,0,23,0.53229,0.12614,1
U,0,24,0.54915,0.15434,1
U,0,25,0.56251,0.18423,1
U,0,26,0.57218,0.21543,1
U,0,27,0.57804,0.24749,1
U,0,28,0.58000,0.28000,1
U,0,29,0.58000,1.00000,1
V,0,0,0.00000,1.00000,0
V,0,1,0.29000,0.00000,1
V,0,2,0.58000,1.00000,1
W,0,0,0.00000,1.00000,0
W,0,1,0.19500,0.00000,1
W,0,2,0.39000,0.62000,1
W,0,3,0.58500,0.00000,1
W,0,4,0.78000,1.00000,1
X,0,0,0.00000,1.00000,0
X,0,1,0.58000,0.00000,1
X,1,0,0.00000,0.00000,0
X,1,1,0.58000,1.00000,1
Y,0,0,0.00000,1.00000,0
Y,0,1,0.29000,0.52000,1
Y,0,2,0.58000,1.00000,1
Y,1,0,0.29000,0.52000,0
Y,1,1,0.29000,0.00000,1
Z,0,0,0.00000,1.00000,0
Z,0,1,0.56000,1.00000,1
Z,0,2,0.00000,0.00000,1
Z,0,3,0.56000,0.00000,1
